tag_id,first_assignment_date,recaptured,recapture_1_date,recapture_2_date,recapture_3_date
aruco:0,2026-05-28,false,,,
aruco:1,2026-05-29,false,,,
aruco:2,2026-05-29,true,2026-06-16,,
aruco:4,2026-05-02,false,,,
aruco:5,2026-05-29,false,,,
aruco:6,2026-05-29,false,,,
aruco:7,2026-05-28,false,,,
aruco:8,2026-05-29,false,,,
aruco:9,2026-05-29,false,,,
aruco:10,2026-05-28,false,,,
aruco:11,2026-05-29,false,,,
aruco:12,2026-05-29,false,,,
aruco:13,2026-05-29,false,,,
aruco:14,2026-05-28,false,,,
aruco:15,2026-05-29,false,,,
aruco:16,2026-05-29,false,,,
aruco:17,2026-05-29,false,,,
aruco:18,2026-05-29,false,,,
aruco:19,2026-05-29,false,,,
aruco:20,2026-05-29,false,,,
aruco:21,2026-05-28,false,,,
aruco:22,2026-05-29,false,,,
aruco:23,2026-05-29,false,,,
aruco:24,2026-05-29,false,,,
aruco:25,2026-05-29,false,,,
aruco:26,2026-05-28,false,,,
aruco:27,2026-05-29,false,,,
aruco:28,2026-05-29,false,,,
aruco:29,2026-05-29,false,,,
aruco:30,2026-05-29,false,,,
aruco:31,2026-05-29,false,,,
aruco:32,2026-05-29,false,,,
aruco:33,2026-05-29,false,,,
aruco:34,2026-05-29,false,,,
aruco:35,2026-05-29,false,,,
aruco:36,2026-05-28,false,,,
aruco:37,2026-05-02,true,2026-05-29,2026-06-01,
aruco:38,2026-05-28,false,,,
aruco:39,2026-05-29,false,,,
aruco:40,2026-05-29,false,,,
aruco:41,2026-05-29,false,,,
aruco:42,2026-05-29,false,,,
aruco:43,2026-05-29,false,,,
aruco:44,2026-05-28,false,,,
aruco:47,2026-05-29,false,,,
aruco:48,2026-05-28,false,,,
aruco:49,2026-05-29,false,,,
aruco:51,2026-05-28,false,,,
aruco:52,2026-05-29,false,,,
aruco:56,2026-05-29,true,2026-06-10,2026-06-17,2026-06-22
aruco:57,2026-05-29,false,,,
aruco:58,2026-05-29,false,,,
aruco:67,2026-05-29,false,,,
aruco:68,2026-05-28,false,,,
aruco:70,2026-05-02,true,2026-05-28,,
aruco:71,2026-05-21,false,,,
aruco:72,2026-05-28,false,,,
aruco:73,2026-05-21,false,,,
aruco:74,2026-05-28,true,2026-06-02,,
aruco:75,2026-05-28,false,,,
aruco:76,2026-05-28,false,,,
aruco:77,2026-05-28,false,,,
aruco:78,2026-05-28,false,,,
aruco:79,2026-05-21,false,,,
aruco:80,2026-05-21,false,,,
aruco:81,2026-05-28,false,,,
aruco:82,2026-05-28,false,,,
aruco:83,2026-05-21,false,,,
aruco:84,2026-05-28,false,,,
aruco:85,2026-05-21,false,,,
aruco:86,2026-05-28,false,,,
aruco:87,2026-05-28,false,,,
aruco:88,2026-05-21,false,,,
aruco:89,2026-05-21,false,,,
aruco:90,2026-05-21,false,,,
aruco:91,2026-05-21,false,,,
aruco:92,2026-05-28,false,,,
aruco:93,2026-05-28,false,,,
aruco:94,2026-05-28,false,,,
aruco:95,2026-05-21,false,,,
aruco:96,2026-05-21,false,,,
aruco:97,2026-05-28,true,2026-06-10,,
aruco:98,2026-05-28,false,,,
aruco:99,2026-05-21,false,,,
aruco:100,2026-05-21,false,,,
aruco:101,2026-05-28,false,,,
aruco:102,2026-05-28,false,,,
aruco:103,2026-05-21,false,,,
aruco:104,2026-05-21,false,,,
aruco:105,2026-05-21,false,,,
aruco:107,2026-05-28,false,,,
aruco:108,2026-05-28,false,,,
aruco:109,2026-05-21,false,,,
aruco:110,2026-05-21,false,,,
aruco:111,2026-05-28,false,,,
aruco:112,2026-05-21,false,,,
aruco:113,2026-05-21,false,,,
aruco:114,2026-05-28,false,,,
aruco:115,2026-05-21,false,,,
aruco:116,2026-05-21,false,,,
aruco:117,2026-05-28,true,2026-06-02,,
aruco:118,2026-05-28,false,,,
aruco:119,2026-05-21,false,,,
aruco:120,2026-05-21,true,2026-05-29,,
aruco:121,2026-05-21,false,,,
aruco:122,2026-05-21,false,,,
aruco:123,2026-05-28,false,,,
aruco:124,2026-05-28,false,,,
aruco:125,2026-05-28,false,,,
aruco:127,2026-05-21,false,,,
aruco:128,2026-05-28,false,,,
aruco:129,2026-05-21,false,,,
aruco:130,2026-05-21,false,,,
aruco:131,2026-05-21,false,,,
aruco:132,2026-05-28,false,,,
aruco:133,2026-05-21,false,,,
aruco:134,2026-06-01,false,,,
aruco:135,2026-06-01,false,,,
aruco:136,2026-06-01,false,,,
aruco:137,2026-06-01,false,,,
aruco:138,2026-06-01,false,,,
aruco:139,2026-05-02,false,,,
aruco:140,2026-06-01,false,,,
aruco:141,2026-06-01,true,2026-06-17,,
aruco:143,2026-06-01,false,,,
aruco:144,2026-05-02,false,,,
aruco:145,2026-05-02,false,,,
aruco:146,2026-06-01,false,,,
aruco:147,2026-06-01,false,,,
aruco:148,2026-06-01,true,2026-06-02,,
aruco:149,2026-06-01,false,,,
aruco:150,2026-06-01,false,,,
aruco:151,2026-06-01,false,,,
aruco:152,2026-06-02,false,,,
aruco:153,2026-06-02,false,,,
aruco:154,2026-06-01,false,,,
aruco:155,2026-06-01,false,,,
aruco:156,2026-06-01,false,,,
aruco:158,2026-05-02,false,,,
aruco:159,2026-06-10,false,,,
aruco:161,2026-06-10,false,,,
aruco:162,2026-06-01,false,,,
aruco:163,2026-06-01,false,,,
aruco:164,2026-06-01,false,,,
aruco:165,2026-06-01,false,,,
aruco:166,2026-05-29,false,,,
aruco:167,2026-05-29,false,,,
aruco:168,2026-05-29,false,,,
aruco:169,2026-05-29,false,,,
aruco:170,2026-05-29,false,,,
aruco:172,2026-05-29,false,,,
aruco:173,2026-06-01,false,,,
aruco:174,2026-05-29,false,,,
aruco:175,2026-05-29,false,,,
aruco:176,2026-06-01,false,,,
aruco:177,2026-06-01,false,,,
aruco:179,2026-05-29,false,,,
aruco:180,2026-05-02,false,,,
aruco:181,2026-05-29,false,,,
aruco:182,2026-06-02,false,,,
aruco:183,2026-06-01,false,,,
aruco:184,2026-06-01,false,,,
aruco:185,2026-06-01,false,,,
aruco:187,2026-05-29,false,,,
aruco:188,2026-05-29,true,2026-06-22,2026-06-23,
aruco:189,2026-05-29,false,,,
aruco:190,2026-05-29,false,,,
aruco:191,2026-05-29,false,,,
aruco:192,2026-05-29,false,,,
aruco:193,2026-06-01,false,,,
aruco:195,2026-05-29,false,,,
aruco:196,2026-06-01,false,,,
aruco:197,2026-05-29,false,,,
aruco:200,2026-05-29,false,,,
aruco:201,2026-06-10,false,,,
aruco:204,2026-06-10,false,,,
aruco:205,2026-05-02,true,2026-06-10,2026-06-16,
aruco:206,2026-05-02,true,2026-06-02,,
aruco:207,2026-05-02,false,,,
aruco:208,2026-06-10,false,,,
aruco:209,2026-06-10,false,,,
aruco:210,2026-05-02,false,,,
aruco:211,2026-05-02,false,,,
aruco:212,2026-06-10,false,,,
aruco:213,2026-05-02,false,,,
aruco:214,2026-06-10,false,,,
aruco:215,2026-06-10,false,,,
aruco:216,2026-06-10,false,,,
aruco:217,2026-06-10,false,,,
aruco:218,2026-06-10,false,,,
aruco:219,2026-06-10,false,,,
aruco:220,2026-05-02,false,,,
aruco:221,2026-06-02,false,,,
aruco:222,2026-06-10,true,2026-06-11,,
aruco:223,2026-06-10,false,,,
aruco:224,2026-05-02,false,,,
aruco:225,2026-05-02,false,,,
aruco:226,2026-05-02,false,,,
aruco:227,2026-05-02,false,,,
aruco:228,2026-05-02,false,,,
aruco:229,2026-06-10,false,,,
aruco:230,2026-06-02,false,,,
aruco:231,2026-05-02,false,,,
aruco:232,2026-06-10,false,,,
aruco:233,2026-06-10,true,2026-06-16,2026-06-17,
aruco:234,2026-06-10,false,,,
aruco:235,2026-06-02,false,,,
aruco:237,2026-06-10,false,,,
aruco:238,2026-06-10,false,,,
aruco:239,2026-06-10,false,,,
aruco:240,2026-05-02,true,2026-06-10,,
aruco:241,2026-06-02,false,,,
aruco:242,2026-06-10,false,,,
aruco:243,2026-06-10,false,,,
aruco:244,2026-05-02,false,,,
aruco:245,2026-05-02,false,,,
aruco:246,2026-06-10,false,,,
aruco:247,2026-05-02,false,,,
aruco:248,2026-05-02,true,2026-06-11,,
aruco:250,2026-06-10,false,,,
aruco:251,2026-05-02,false,,,
aruco:252,2026-05-02,false,,,
aruco:253,2026-05-02,false,,,
aruco:254,2026-06-10,false,,,
aruco:255,2026-06-10,false,,,
aruco:256,2026-06-02,false,,,
aruco:257,2026-05-02,false,,,
aruco:258,2026-05-02,true,2026-06-11,,
aruco:259,2026-06-10,false,,,
aruco:260,2026-06-10,false,,,
aruco:261,2026-06-02,false,,,
aruco:263,2026-05-02,false,,,
aruco:264,2026-06-02,false,,,
aruco:268,2026-06-11,false,,,
aruco:269,2026-06-10,false,,,
aruco:270,2026-06-10,false,,,
aruco:271,2026-06-10,false,,,
aruco:272,2026-06-10,false,,,
aruco:273,2026-06-11,true,2026-06-16,2026-06-22,
aruco:274,2026-06-11,false,,,
aruco:275,2026-06-10,false,,,
aruco:276,2026-06-11,false,,,
aruco:277,2026-06-11,false,,,
aruco:278,2026-06-10,false,,,
aruco:279,2026-06-11,false,,,
aruco:280,2026-06-10,false,,,
aruco:281,2026-06-11,false,,,
aruco:282,2026-06-10,false,,,
aruco:283,2026-06-10,false,,,
aruco:284,2026-06-11,false,,,
aruco:285,2026-06-11,true,2026-06-16,,
aruco:287,2026-06-10,false,,,
aruco:288,2026-06-10,false,,,
aruco:289,2026-06-10,false,,,
aruco:290,2026-06-11,false,,,
aruco:291,2026-06-11,false,,,
aruco:292,2026-06-10,false,,,
aruco:293,2026-06-11,false,,,
aruco:294,2026-06-11,false,,,
aruco:295,2026-06-11,false,,,
aruco:296,2026-06-10,false,,,
aruco:297,2026-06-10,false,,,
aruco:298,2026-06-11,false,,,
aruco:299,2026-06-10,false,,,
aruco:300,2026-06-10,false,,,
aruco:301,2026-06-11,false,,,
aruco:302,2026-06-10,false,,,
aruco:303,2026-06-10,false,,,
aruco:304,2026-06-11,false,,,
aruco:305,2026-06-10,false,,,
aruco:306,2026-06-11,true,2026-06-16,,
aruco:307,2026-06-11,false,,,
aruco:308,2026-06-10,false,,,
aruco:309,2026-06-11,false,,,
aruco:310,2026-06-10,false,,,
aruco:311,2026-06-11,false,,,
aruco:313,2026-06-10,false,,,
aruco:314,2026-06-10,false,,,
aruco:315,2026-06-11,false,,,
aruco:316,2026-06-11,false,,,
aruco:317,2026-06-10,false,,,
aruco:319,2026-06-11,false,,,
aruco:320,2026-06-11,false,,,
aruco:321,2026-06-10,true,2026-06-11,2026-06-17,2026-06-22
aruco:322,2026-06-11,true,2026-06-16,,
aruco:323,2026-06-11,false,,,
aruco:324,2026-06-11,true,2026-06-16,,
aruco:325,2026-06-11,false,,,
aruco:326,2026-06-11,false,,,
aruco:327,2026-06-10,false,,,
aruco:328,2026-06-11,true,2026-06-16,,
aruco:329,2026-06-11,false,,,
aruco:330,2026-06-10,false,,,
aruco:331,2026-06-10,false,,,
aruco:332,2026-06-11,false,,,
aruco:333,2026-06-10,false,,,
aruco:334,2026-06-11,false,,,
aruco:336,2026-06-10,false,,,
aruco:337,2026-06-11,false,,,
aruco:338,2026-06-11,false,,,
aruco:339,2026-06-11,false,,,
aruco:340,2026-06-10,false,,,
aruco:341,2026-06-10,false,,,
aruco:342,2026-06-11,false,,,
aruco:343,2026-06-11,false,,,
aruco:344,2026-06-10,false,,,
aruco:345,2026-06-11,false,,,
aruco:346,2026-06-10,false,,,
aruco:347,2026-06-11,false,,,
aruco:348,2026-06-11,false,,,
aruco:349,2026-06-10,false,,,
aruco:350,2026-06-10,false,,,
aruco:351,2026-06-11,false,,,
aruco:352,2026-06-11,false,,,
aruco:354,2026-06-10,false,,,
aruco:355,2026-06-11,true,2026-06-17,,
aruco:356,2026-06-11,false,,,
aruco:357,2026-06-11,false,,,
aruco:358,2026-06-11,true,2026-06-16,,
aruco:359,2026-06-10,true,2026-06-11,,
aruco:360,2026-06-10,false,,,
aruco:361,2026-06-11,false,,,
aruco:362,2026-06-11,false,,,
aruco:363,2026-06-10,false,,,
aruco:364,2026-06-10,true,2026-06-11,,
aruco:365,2026-06-10,false,,,
aruco:366,2026-06-11,false,,,
aruco:369,2026-06-10,false,,,
aruco:370,2026-06-11,false,,,
aruco:371,2026-06-10,false,,,
aruco:372,2026-06-11,false,,,
aruco:373,2026-06-10,false,,,
aruco:374,2026-06-10,false,,,
aruco:375,2026-06-11,false,,,
aruco:376,2026-06-11,false,,,
aruco:377,2026-06-10,false,,,
aruco:378,2026-06-11,false,,,
aruco:379,2026-06-10,false,,,
aruco:380,2026-06-11,false,,,
aruco:381,2026-06-11,false,,,
aruco:382,2026-06-10,false,,,
aruco:383,2026-06-10,false,,,
aruco:384,2026-06-11,false,,,
aruco:385,2026-06-11,true,2026-06-16,,
aruco:386,2026-06-10,false,,,
aruco:387,2026-06-11,false,,,
aruco:388,2026-06-11,false,,,
aruco:389,2026-06-10,false,,,
aruco:390,2026-06-11,true,2026-06-17,,
aruco:391,2026-06-11,false,,,
aruco:392,2026-06-10,false,,,
aruco:393,2026-06-10,false,,,
aruco:394,2026-06-11,false,,,
aruco:395,2026-06-11,false,,,
aruco:396,2026-06-10,false,,,
aruco:397,2026-06-11,true,2026-06-17,,
aruco:398,2026-06-10,false,,,
aruco:399,2026-06-11,false,,,
aruco:402,2026-06-11,false,,,
aruco:403,2026-06-11,false,,,
aruco:404,2026-06-11,false,,,
aruco:406,2026-06-11,false,,,
aruco:407,2026-06-11,false,,,
aruco:408,2026-06-10,false,,,
aruco:409,2026-06-11,false,,,
aruco:410,2026-06-11,false,,,
aruco:411,2026-06-11,false,,,
aruco:412,2026-06-11,false,,,
aruco:413,2026-06-10,false,,,
aruco:414,2026-06-11,false,,,
aruco:415,2026-06-11,false,,,
aruco:416,2026-06-11,true,2026-06-16,2026-06-17,
aruco:417,2026-06-10,true,2026-06-16,,
aruco:419,2026-06-11,false,,,
aruco:420,2026-06-10,false,,,
aruco:421,2026-06-11,false,,,
aruco:422,2026-06-11,false,,,
aruco:423,2026-06-11,false,,,
aruco:424,2026-06-10,false,,,
aruco:425,2026-06-11,false,,,
aruco:426,2026-06-10,false,,,
aruco:427,2026-06-10,false,,,
aruco:428,2026-06-10,true,2026-06-16,,
aruco:429,2026-06-11,false,,,
aruco:430,2026-06-11,false,,,
aruco:431,2026-06-11,true,2026-06-17,,
aruco:432,2026-06-11,false,,,
aruco:433,2026-06-11,false,,,
aruco:434,2026-06-10,false,,,
aruco:436,2026-06-10,false,,,
aruco:437,2026-06-11,false,,,
aruco:438,2026-06-11,false,,,
aruco:439,2026-06-11,false,,,
aruco:440,2026-06-11,false,,,
aruco:441,2026-06-10,true,2026-06-24,,
aruco:442,2026-06-10,false,,,
aruco:443,2026-06-11,false,,,
aruco:444,2026-06-11,false,,,
aruco:445,2026-06-10,false,,,
aruco:446,2026-06-11,false,,,
aruco:447,2026-06-10,false,,,
aruco:448,2026-06-10,false,,,
aruco:449,2026-06-11,true,2026-06-17,,
aruco:450,2026-06-11,false,,,
aruco:451,2026-06-10,false,,,
aruco:452,2026-06-10,false,,,
aruco:453,2026-06-10,true,2026-06-17,,
aruco:454,2026-06-11,false,,,
aruco:455,2026-06-10,false,,,
aruco:456,2026-06-10,true,2026-06-11,,
aruco:457,2026-06-11,false,,,
aruco:458,2026-06-10,false,,,
aruco:459,2026-06-10,false,,,
aruco:461,2026-06-11,false,,,
aruco:462,2026-06-11,true,2026-06-16,,
aruco:465,2026-06-10,false,,,
aruco:466,2026-06-11,false,,,
aruco:467,2026-06-11,true,2026-06-16,,
aruco:468,2026-06-10,false,,,
aruco:469,2026-06-11,false,,,
aruco:470,2026-06-11,false,,,
aruco:471,2026-06-16,false,,,
aruco:472,2026-06-11,false,,,
aruco:473,2026-06-11,false,,,
aruco:474,2026-06-11,false,,,
aruco:475,2026-06-16,true,2026-06-22,,
aruco:476,2026-06-11,true,2026-06-16,,
aruco:477,2026-06-11,false,,,
aruco:478,2026-06-11,false,,,
aruco:479,2026-06-16,false,,,
aruco:480,2026-06-11,false,,,
aruco:481,2026-06-16,false,,,
aruco:482,2026-06-24,false,,,
aruco:483,2026-06-16,true,2026-06-17,,
aruco:484,2026-06-22,false,,,
aruco:485,2026-06-23,false,,,
aruco:487,2026-06-16,false,,,
aruco:488,2026-06-16,false,,,
aruco:489,2026-06-16,false,,,
aruco:490,2026-06-16,true,2026-06-17,,
aruco:491,2026-06-16,false,,,
aruco:492,2026-06-22,true,2026-06-23,2026-06-24,
aruco:493,2026-06-17,false,,,
aruco:494,2026-06-22,false,,,
aruco:495,2026-06-22,false,,,
aruco:496,2026-06-16,false,,,
aruco:497,2026-06-16,false,,,
aruco:498,2026-06-23,false,,,
aruco:499,2026-06-24,false,,,
aruco:500,2026-06-22,false,,,
aruco:501,2026-06-23,false,,,
aruco:502,2026-06-22,true,2026-06-23,,
aruco:503,2026-06-17,false,,,
aruco:504,2026-06-23,false,,,
aruco:505,2026-06-23,false,,,
aruco:506,2026-06-23,false,,,
aruco:507,2026-06-22,false,,,
aruco:508,2026-06-22,true,2026-06-23,,
aruco:510,2026-06-17,false,,,
aruco:511,2026-06-24,false,,,
aruco:512,2026-06-17,false,,,
aruco:513,2026-06-16,false,,,
aruco:514,2026-06-17,false,,,
aruco:515,2026-06-16,false,,,
aruco:516,2026-06-16,false,,,
aruco:517,2026-06-16,false,,,
aruco:518,2026-06-16,false,,,
aruco:519,2026-06-17,true,2026-06-22,,
aruco:520,2026-06-16,false,,,
aruco:521,2026-06-23,false,,,
aruco:522,2026-06-22,false,,,
aruco:523,2026-06-16,false,,,
aruco:525,2026-06-16,false,,,
aruco:526,2026-06-23,false,,,
aruco:527,2026-06-16,false,,,
aruco:528,2026-06-24,false,,,
aruco:529,2026-06-24,false,,,
aruco:530,2026-06-24,false,,,
aruco:531,2026-06-17,false,,,
aruco:532,2026-06-16,false,,,
aruco:535,2026-06-23,false,,,
aruco:536,2026-06-16,true,2026-06-17,2026-06-22,
aruco:537,2026-06-16,false,,,
aruco:538,2026-06-17,false,,,
aruco:539,2026-06-17,true,2026-06-22,,
aruco:540,2026-06-24,false,,,
aruco:541,2026-06-17,false,,,
aruco:542,2026-06-23,false,,,
aruco:543,2026-06-22,false,,,
aruco:544,2026-06-17,false,,,
aruco:545,2026-06-22,false,,,
aruco:546,2026-06-16,false,,,
aruco:547,2026-06-24,false,,,
aruco:548,2026-06-16,false,,,
aruco:549,2026-06-24,false,,,
aruco:550,2026-06-24,false,,,
aruco:551,2026-06-17,false,,,
aruco:552,2026-06-23,false,,,
aruco:553,2026-06-16,false,,,
aruco:554,2026-06-16,true,2026-06-23,,
aruco:555,2026-06-16,false,,,
aruco:556,2026-06-17,false,,,
aruco:557,2026-06-22,false,,,
aruco:558,2026-06-23,false,,,
aruco:559,2026-06-24,false,,,
aruco:560,2026-06-16,false,,,
aruco:561,2026-06-24,false,,,
aruco:562,2026-06-16,false,,,
aruco:563,2026-06-17,false,,,
aruco:564,2026-06-22,false,,,
aruco:565,2026-06-22,false,,,
aruco:566,2026-06-24,false,,,
aruco:567,2026-06-16,false,,,
aruco:568,2026-06-16,false,,,
aruco:569,2026-06-17,false,,,
aruco:570,2026-06-17,false,,,
aruco:571,2026-06-16,false,,,
aruco:572,2026-06-16,false,,,
aruco:573,2026-06-16,false,,,
aruco:574,2026-06-22,false,,,
aruco:575,2026-06-17,false,,,
aruco:576,2026-06-17,false,,,
aruco:577,2026-06-23,false,,,
aruco:578,2026-06-23,false,,,
aruco:579,2026-06-17,false,,,
aruco:580,2026-06-23,false,,,
aruco:581,2026-06-22,false,,,
aruco:582,2026-06-22,false,,,
aruco:583,2026-06-17,false,,,
aruco:584,2026-06-22,false,,,
aruco:585,2026-06-23,false,,,
aruco:586,2026-06-22,true,2026-06-24,,
aruco:587,2026-06-17,false,,,
aruco:588,2026-06-22,false,,,
aruco:589,2026-06-22,false,,,
aruco:590,2026-06-23,false,,,
aruco:591,2026-06-22,false,,,
aruco:592,2026-06-17,false,,,
aruco:593,2026-06-17,false,,,
aruco:594,2026-06-16,false,,,
aruco:595,2026-06-22,false,,,
aruco:596,2026-06-17,false,,,
aruco:597,2026-06-23,false,,,
aruco:598,2026-06-16,false,,,
aruco:599,2026-06-22,false,,,
aruco:600,2026-06-23,false,,,
aruco:601,2026-06-22,false,,,
aruco:602,2026-06-16,false,,,
aruco:603,2026-06-16,false,,,
aruco:605,2026-06-16,false,,,
aruco:606,2026-06-24,false,,,
aruco:607,2026-06-17,false,,,
aruco:608,2026-06-16,true,2026-06-17,2026-06-22,
aruco:609,2026-06-24,false,,,
aruco:610,2026-06-23,false,,,
aruco:611,2026-06-22,false,,,
aruco:612,2026-06-23,false,,,
aruco:613,2026-06-16,false,,,
aruco:614,2026-06-23,false,,,
aruco:615,2026-06-17,true,2026-06-22,,
aruco:616,2026-06-16,false,,,
aruco:617,2026-06-16,false,,,
aruco:618,2026-06-16,false,,,
aruco:619,2026-06-16,false,,,
aruco:621,2026-06-23,false,,,
aruco:622,2026-06-17,false,,,
aruco:624,2026-06-17,false,,,
aruco:625,2026-06-17,false,,,
aruco:626,2026-06-22,true,2026-06-24,,
aruco:627,2026-06-16,false,,,
aruco:628,2026-06-16,false,,,
aruco:629,2026-06-22,true,2026-06-24,,
aruco:631,2026-06-23,false,,,
aruco:632,2026-06-22,false,,,
aruco:633,2026-06-22,false,,,
aruco:634,2026-06-16,false,,,
aruco:635,2026-06-24,false,,,
aruco:636,2026-06-22,false,,,
aruco:637,2026-06-22,false,,,
aruco:639,2026-06-22,false,,,
aruco:640,2026-06-16,false,,,
aruco:641,2026-06-16,true,2026-06-17,,
aruco:642,2026-06-22,false,,,
aruco:643,2026-06-16,false,,,
aruco:644,2026-06-17,false,,,
aruco:645,2026-06-16,false,,,
aruco:646,2026-06-17,false,,,
aruco:647,2026-06-17,true,2026-06-24,2026-07-07,
aruco:648,2026-06-24,false,,,
aruco:649,2026-06-17,false,,,
aruco:650,2026-06-23,false,,,
aruco:651,2026-06-16,false,,,
aruco:652,2026-06-16,false,,,
aruco:653,2026-06-16,false,,,
aruco:654,2026-06-23,false,,,
aruco:655,2026-06-16,true,2026-06-22,2026-06-23,
aruco:656,2026-06-23,false,,,
aruco:657,2026-06-17,true,2026-06-22,,
aruco:659,2026-06-23,false,,,
aruco:660,2026-06-16,false,,,
aruco:661,2026-06-16,false,,,
aruco:662,2026-06-17,false,,,
aruco:663,2026-06-16,false,,,
aruco:664,2026-06-22,false,,,
aruco:665,2026-06-16,false,,,
aruco:666,2026-06-16,true,2026-06-17,,
aruco:667,2026-06-23,false,,,
aruco:670,2026-06-16,false,,,
aruco:671,2026-06-17,false,,,
aruco:672,2026-06-17,false,,,
aruco:674,2026-06-22,false,,,
aruco:675,2026-06-17,false,,,
aruco:676,2026-06-22,false,,,
aruco:677,2026-06-24,false,,,
aruco:678,2026-06-16,false,,,
aruco:679,2026-06-17,false,,,
aruco:680,2026-06-16,false,,,
aruco:681,2026-06-17,false,,,
aruco:682,2026-06-23,false,,,
aruco:683,2026-06-16,false,,,
aruco:684,2026-06-17,false,,,
aruco:685,2026-06-22,false,,,
aruco:686,2026-06-22,false,,,
aruco:687,2026-06-16,false,,,
aruco:688,2026-06-24,false,,,
aruco:689,2026-06-17,true,2026-06-24,,
aruco:690,2026-06-22,false,,,
aruco:692,2026-06-16,true,2026-06-17,,
aruco:693,2026-06-17,false,,,
aruco:694,2026-06-23,false,,,
aruco:695,2026-06-16,false,,,
aruco:696,2026-06-23,false,,,
aruco:697,2026-06-16,false,,,
aruco:699,2026-06-16,false,,,
aruco:700,2026-06-22,false,,,
aruco:701,2026-06-17,false,,,
aruco:702,2026-06-23,false,,,
aruco:703,2026-06-22,false,,,
aruco:704,2026-06-22,false,,,
aruco:705,2026-06-11,true,2026-06-17,,
aruco:706,2026-06-22,false,,,
aruco:707,2026-06-23,false,,,
aruco:708,2026-06-16,false,,,
aruco:709,2026-06-16,true,2026-06-23,,
aruco:710,2026-06-16,false,,,
aruco:711,2026-06-17,false,,,
aruco:712,2026-06-23,false,,,
aruco:713,2026-06-24,false,,,
aruco:714,2026-06-16,false,,,
aruco:715,2026-06-16,false,,,
aruco:716,2026-06-17,false,,,
aruco:717,2026-06-16,false,,,
aruco:718,2026-06-16,false,,,
aruco:719,2026-06-17,false,,,
aruco:720,2026-06-16,false,,,
aruco:722,2026-06-16,false,,,
aruco:723,2026-06-17,false,,,
aruco:724,2026-06-16,false,,,
aruco:725,2026-06-17,false,,,
aruco:726,2026-06-17,false,,,
aruco:727,2026-06-24,false,,,
aruco:728,2026-06-17,false,,,
aruco:729,2026-06-17,false,,,
aruco:730,2026-06-16,false,,,
aruco:731,2026-06-23,true,2026-06-24,,
aruco:732,2026-06-23,false,,,
aruco:733,2026-06-16,true,2026-06-23,,
aruco:734,2026-06-16,true,2026-06-17,,
aruco:735,2026-06-22,false,,,
aruco:737,2026-06-24,false,,,
aruco:738,2026-07-08,false,,,
aruco:739,2026-07-01,false,,,
aruco:740,2026-07-13,true,2026-07-14,2026-07-15,
aruco:742,2026-07-08,true,2026-07-14,,
aruco:743,2026-07-01,false,,,
aruco:744,2026-07-01,false,,,
aruco:745,2026-07-07,false,,,
aruco:746,2026-07-08,false,,,
aruco:747,2026-07-07,false,,,
aruco:748,2026-06-24,false,,,
aruco:749,2026-07-08,false,,,
aruco:750,2026-07-01,false,,,
aruco:751,2026-07-07,false,,,
aruco:752,2026-07-08,false,,,
aruco:753,2026-07-07,false,,,
aruco:754,2026-07-08,true,2026-07-14,,
aruco:755,2026-07-07,false,,,
aruco:756,2026-07-08,false,,,
aruco:757,2026-06-24,false,,,
aruco:758,2026-07-01,false,,,
aruco:759,2026-07-01,false,,,
aruco:760,2026-07-08,false,,,
aruco:761,2026-07-07,false,,,
aruco:762,2026-07-08,true,2026-07-13,,
aruco:763,2026-07-08,false,,,
aruco:764,2026-07-13,false,,,
aruco:765,2026-07-07,false,,,
aruco:766,2026-07-13,true,2026-07-15,,
aruco:767,2026-07-08,false,,,
aruco:768,2026-07-01,false,,,
aruco:769,2026-07-07,false,,,
aruco:770,2026-06-30,false,,,
aruco:771,2026-07-07,false,,,
aruco:772,2026-07-13,true,2026-07-14,,
aruco:773,2026-07-06,false,,,
aruco:774,2026-06-24,false,,,
aruco:775,2026-07-07,false,,,
aruco:776,2026-07-01,false,,,
aruco:777,2026-06-24,false,,,
aruco:778,2026-07-01,false,,,
aruco:779,2026-07-07,false,,,
aruco:780,2026-07-08,false,,,
aruco:781,2026-07-07,false,,,
aruco:782,2026-07-13,false,,,
aruco:783,2026-07-07,false,,,
aruco:784,2026-07-08,false,,,
aruco:785,2026-07-07,false,,,
aruco:786,2026-07-08,false,,,
aruco:787,2026-06-30,false,,,
aruco:788,2026-07-01,false,,,
aruco:790,2026-07-13,false,,,
aruco:791,2026-07-07,false,,,
aruco:793,2026-07-07,false,,,
aruco:798,2026-07-07,false,,,
aruco:799,2026-07-08,false,,,
aruco:800,2026-07-08,false,,,
aruco:802,2026-07-07,false,,,
aruco:803,2026-07-13,false,,,
aruco:804,2026-07-01,false,,,
aruco:805,2026-06-30,false,,,
aruco:806,2026-07-07,false,,,
aruco:807,2026-07-01,false,,,
aruco:808,2026-07-07,true,2026-07-14,,
aruco:809,2026-07-06,false,,,
aruco:810,2026-07-07,false,,,
aruco:811,2026-07-07,false,,,
aruco:812,2026-06-24,false,,,
aruco:813,2026-06-24,false,,,
aruco:814,2026-07-07,true,2026-07-08,2026-07-13,
aruco:816,2026-07-07,false,,,
aruco:817,2026-06-24,false,,,
aruco:818,2026-07-01,false,,,
aruco:819,2026-07-01,false,,,
aruco:820,2026-07-08,true,2026-07-14,,
aruco:821,2026-07-07,false,,,
aruco:822,2026-07-07,false,,,
aruco:823,2026-07-06,false,,,
aruco:824,2026-07-07,false,,,
aruco:825,2026-07-06,true,2026-07-07,,
aruco:826,2026-07-07,true,2026-07-08,2026-07-13,
aruco:828,2026-06-30,false,,,
aruco:829,2026-06-30,false,,,
aruco:830,2026-07-07,false,,,
aruco:831,2026-07-08,false,,,
aruco:832,2026-07-13,true,2026-07-15,,
aruco:833,2026-07-01,false,,,
aruco:834,2026-07-07,false,,,
aruco:835,2026-07-01,false,,,
aruco:836,2026-07-07,false,,,
aruco:837,2026-07-06,false,,,
aruco:838,2026-07-13,true,2026-07-14,,
aruco:839,2026-07-08,false,,,
aruco:840,2026-07-01,false,,,
aruco:841,2026-07-01,false,,,
aruco:842,2026-07-07,false,,,
aruco:843,2026-06-24,false,,,
aruco:844,2026-06-24,false,,,
aruco:845,2026-07-13,false,,,
aruco:846,2026-07-01,false,,,
aruco:847,2026-07-08,false,,,
aruco:848,2026-06-24,true,2026-07-07,,
aruco:849,2026-07-08,false,,,
aruco:850,2026-07-13,false,,,
aruco:851,2026-07-01,false,,,
aruco:852,2026-07-07,false,,,
aruco:853,2026-07-08,false,,,
aruco:854,2026-07-08,false,,,
aruco:855,2026-07-13,false,,,
aruco:856,2026-07-07,false,,,
aruco:857,2026-07-08,false,,,
aruco:858,2026-07-07,false,,,
aruco:859,2026-06-30,false,,,
aruco:860,2026-07-07,false,,,
aruco:862,2026-07-06,false,,,
aruco:864,2026-07-07,false,,,
aruco:865,2026-07-07,false,,,
aruco:866,2026-06-24,false,,,
aruco:867,2026-07-07,false,,,
aruco:868,2026-07-13,false,,,
aruco:869,2026-07-07,false,,,
aruco:870,2026-07-08,false,,,
aruco:871,2026-07-08,true,2026-07-14,,
aruco:872,2026-07-08,false,,,
aruco:873,2026-07-13,false,,,
aruco:874,2026-07-07,false,,,
aruco:875,2026-07-01,false,,,
aruco:876,2026-06-30,false,,,
aruco:877,2026-07-07,true,2026-07-15,,
aruco:878,2026-07-08,false,,,
aruco:879,2026-07-08,false,,,
aruco:880,2026-07-07,false,,,
aruco:881,2026-07-06,true,2026-07-08,,
aruco:882,2026-07-07,false,,,
aruco:883,2026-07-07,false,,,
aruco:884,2026-07-07,true,2026-07-15,,
aruco:885,2026-07-06,false,,,
aruco:886,2026-07-07,false,,,
aruco:887,2026-07-13,false,,,
aruco:888,2026-07-07,false,,,
aruco:889,2026-07-01,false,,,
aruco:890,2026-06-24,false,,,
aruco:891,2026-07-01,false,,,
aruco:892,2026-07-08,false,,,
aruco:893,2026-07-07,false,,,
aruco:894,2026-07-13,true,2026-07-15,,
aruco:895,2026-07-06,false,,,
aruco:896,2026-07-08,false,,,
aruco:897,2026-07-07,true,2026-07-08,,
aruco:898,2026-07-13,false,,,
aruco:899,2026-07-07,false,,,
aruco:900,2026-07-07,false,,,
aruco:901,2026-07-07,false,,,
aruco:902,2026-07-08,false,,,
aruco:903,2026-07-07,true,2026-07-08,2026-07-14,
aruco:904,2026-07-01,false,,,
aruco:905,2026-07-07,false,,,
aruco:906,2026-07-06,false,,,
aruco:907,2026-07-06,true,2026-07-07,,
aruco:908,2026-07-07,true,2026-07-13,,
aruco:909,2026-07-08,false,,,
aruco:910,2026-07-07,false,,,
aruco:911,2026-07-08,false,,,
aruco:912,2026-07-08,false,,,
aruco:913,2026-07-08,false,,,
aruco:914,2026-07-08,false,,,
aruco:915,2026-07-08,false,,,
aruco:916,2026-07-07,false,,,
aruco:917,2026-07-07,false,,,
aruco:918,2026-07-07,false,,,
aruco:919,2026-06-24,false,,,
aruco:920,2026-07-01,false,,,
aruco:921,2026-07-07,false,,,
aruco:922,2026-07-08,false,,,
aruco:923,2026-06-24,false,,,
aruco:924,2026-07-07,false,,,
aruco:925,2026-06-30,false,,,
aruco:926,2026-07-08,false,,,
aruco:927,2026-07-07,false,,,
aruco:928,2026-07-06,true,2026-07-07,2026-07-08,
aruco:929,2026-06-30,false,,,
aruco:930,2026-07-06,false,,,
aruco:931,2026-07-06,false,,,
aruco:932,2026-07-07,false,,,
aruco:938,2026-07-14,false,,,
aruco:939,2026-07-22,true,2026-07-27,,
aruco:940,2026-07-21,true,2026-07-22,,
aruco:941,2026-07-15,false,,,
aruco:942,2026-07-22,false,,,
aruco:943,2026-07-22,false,,,
aruco:944,2026-07-14,false,,,
aruco:946,2026-07-22,false,,,
aruco:947,2026-07-15,false,,,
aruco:948,2026-07-21,true,2026-07-22,,
aruco:949,2026-07-14,false,,,
aruco:950,2026-07-21,false,,,
aruco:951,2026-07-22,false,,,
aruco:954,2026-07-21,true,2026-07-28,,
aruco:955,2026-07-14,false,,,
aruco:956,2026-07-14,false,,,
aruco:957,2026-07-21,true,2026-07-28,,
aruco:958,2026-07-21,true,2026-07-27,2026-07-28,
aruco:959,2026-07-15,false,,,
aruco:960,2026-07-14,false,,,
aruco:961,2026-07-14,false,,,
aruco:962,2026-07-14,true,2026-07-22,,
aruco:963,2026-07-21,false,,,
aruco:964,2026-07-21,false,,,
aruco:966,2026-07-21,true,2026-07-27,,
aruco:967,2026-07-22,false,,,
aruco:968,2026-07-14,false,,,
aruco:969,2026-07-22,false,,,
aruco:971,2026-07-14,false,,,
aruco:972,2026-07-14,false,,,
aruco:973,2026-07-21,false,,,
aruco:974,2026-07-14,false,,,
aruco:975,2026-07-15,false,,,
aruco:976,2026-07-14,false,,,
aruco:977,2026-07-21,false,,,
aruco:978,2026-07-21,false,,,
aruco:979,2026-07-14,false,,,
aruco:980,2026-07-22,false,,,
aruco:981,2026-07-21,false,,,
aruco:982,2026-07-21,false,,,
aruco:983,2026-07-21,true,2026-07-28,,
aruco:984,2026-07-21,false,,,
aruco:985,2026-07-22,false,,,
aruco:986,2026-07-14,false,,,
aruco:987,2026-07-15,false,,,
aruco:988,2026-07-14,true,2026-07-21,2026-07-22,
aruco:989,2026-07-14,false,,,
aruco:990,2026-07-22,false,,,
aruco:992,2026-07-22,true,2026-07-27,,
aruco:993,2026-07-14,false,,,
aruco:994,2026-07-14,true,2026-07-15,,
aruco:995,2026-07-21,true,2026-07-22,2026-07-27,
aruco:998,2026-07-14,false,,,
aruco:1000,2026-07-15,false,,,
aruco:1003,2026-07-22,false,,,
aruco:1004,2026-07-14,false,,,
aruco:1005,2026-07-21,false,,,
aruco:1006,2026-07-15,false,,,
aruco:1007,2026-07-22,false,,,
aruco:1008,2026-07-22,true,2026-07-27,,
aruco:1009,2026-07-15,false,,,
aruco:1011,2026-07-22,false,,,
aruco:1012,2026-07-15,false,,,
aruco:1013,2026-07-14,true,2026-07-15,,
aruco:1015,2026-07-14,true,2026-07-15,2026-07-21,
aruco:1016,2026-07-14,false,,,
aruco:1018,2026-07-21,true,2026-07-27,,
aruco:1019,2026-07-22,false,,,
aruco:1020,2026-07-14,false,,,
aruco:1021,2026-07-14,false,,,
aruco:1022,2026-07-14,false,,,
aruco:1023,2026-07-14,false,,,
aruco:1024,2026-07-21,false,,,
aruco:1025,2026-07-22,true,2026-07-27,,
aruco:1027,2026-07-15,false,,,
aruco:1028,2026-07-22,false,,,
aruco:1029,2026-07-14,false,,,
aruco:1030,2026-07-22,false,,,
aruco:1033,2026-07-15,false,,,
aruco:1034,2026-07-15,false,,,
aruco:1035,2026-07-21,false,,,
aruco:1036,2026-07-21,true,2026-07-22,,
aruco:1037,2026-07-21,false,,,
aruco:1038,2026-07-22,false,,,
aruco:1039,2026-07-14,true,2026-07-15,,
aruco:1040,2026-07-22,true,2026-07-27,,
aruco:1041,2026-07-21,false,,,
aruco:1042,2026-07-21,false,,,
aruco:1043,2026-07-14,true,2026-07-22,,
aruco:1044,2026-07-14,false,,,
aruco:1045,2026-07-14,false,,,
aruco:1046,2026-07-14,true,2026-07-21,,
aruco:1047,2026-07-14,false,,,
aruco:1048,2026-07-14,false,,,
aruco:1049,2026-07-22,false,,,
aruco:1050,2026-07-14,false,,,
aruco:1051,2026-07-15,false,,,
aruco:1052,2026-07-14,true,2026-07-15,,
aruco:1053,2026-07-14,false,,,
aruco:1054,2026-07-22,false,,,
aruco:1056,2026-07-15,false,,,
aruco:1057,2026-07-14,false,,,
aruco:1059,2026-07-21,false,,,
aruco:1060,2026-07-14,false,,,
aruco:1061,2026-07-21,false,,,
aruco:1062,2026-07-15,false,,,
aruco:1063,2026-07-14,false,,,
aruco:1064,2026-07-15,false,,,
aruco:1065,2026-07-14,false,,,
aruco:1066,2026-07-15,false,,,
aruco:1067,2026-07-15,false,,,
aruco:1068,2026-07-14,false,,,
aruco:1069,2026-07-21,true,2026-07-22,,
aruco:1071,2026-07-15,false,,,
n8tag:1,2026-07-27,false,,,
n8tag:3,2026-07-28,false,,,
n8tag:4,2026-07-28,false,,,
n8tag:5,2026-07-28,false,,,
n8tag:6,2026-07-28,false,,,
n8tag:8,2026-07-28,false,,,
n8tag:9,2026-07-28,false,,,
n8tag:10,2026-07-27,false,,,
n8tag:11,2026-07-28,false,,,
n8tag:14,2026-07-28,false,,,
n8tag:16,2026-07-28,false,,,
n8tag:17,2026-07-28,false,,,
n8tag:20,2026-07-27,false,,,
n8tag:22,2026-07-28,false,,,
n8tag:23,2026-07-27,false,,,
n8tag:24,2026-07-28,false,,,
n8tag:25,2026-07-28,false,,,
n8tag:26,2026-07-28,false,,,
n8tag:28,2026-07-28,false,,,
n8tag:30,2026-07-28,false,,,
n8tag:31,2026-07-28,false,,,
n8tag:32,2026-07-27,false,,,
n8tag:33,2026-07-28,false,,,
n8tag:35,2026-07-27,false,,,
n8tag:36,2026-07-27,false,,,
n8tag:37,2026-07-27,false,,,
n8tag:38,2026-07-28,false,,,
n8tag:39,2026-07-27,false,,,
