assigned_tag,first_capture_date,recapture_date,recapture_number,days_since_first_capture
aruco:70,2026-05-02,2026-05-28,1,26
aruco:120,2026-05-21,2026-05-29,1,8
aruco:37,2026-05-02,2026-05-29,1,27
aruco:37,2026-05-02,2026-06-01,2,30
aruco:117,2026-05-28,2026-06-02,1,5
aruco:148,2026-06-01,2026-06-02,1,1
aruco:206,2026-05-02,2026-06-02,1,31
aruco:74,2026-05-28,2026-06-02,1,5
aruco:205,2026-05-02,2026-06-10,1,39
aruco:240,2026-05-02,2026-06-10,1,39
aruco:56,2026-05-29,2026-06-10,1,12
aruco:97,2026-05-28,2026-06-10,1,13
aruco:222,2026-06-10,2026-06-11,1,1
aruco:248,2026-05-02,2026-06-11,1,40
aruco:258,2026-05-02,2026-06-11,1,40
aruco:321,2026-06-10,2026-06-11,1,1
aruco:359,2026-06-10,2026-06-11,1,1
aruco:364,2026-06-10,2026-06-11,1,1
aruco:456,2026-06-10,2026-06-11,1,1
aruco:2,2026-05-29,2026-06-16,1,18
aruco:205,2026-05-02,2026-06-16,2,45
aruco:233,2026-06-10,2026-06-16,1,6
aruco:273,2026-06-11,2026-06-16,1,5
aruco:285,2026-06-11,2026-06-16,1,5
aruco:306,2026-06-11,2026-06-16,1,5
aruco:322,2026-06-11,2026-06-16,1,5
aruco:324,2026-06-11,2026-06-16,1,5
aruco:328,2026-06-11,2026-06-16,1,5
aruco:358,2026-06-11,2026-06-16,1,5
aruco:385,2026-06-11,2026-06-16,1,5
aruco:416,2026-06-11,2026-06-16,1,5
aruco:417,2026-06-10,2026-06-16,1,6
aruco:428,2026-06-10,2026-06-16,1,6
aruco:462,2026-06-11,2026-06-16,1,5
aruco:467,2026-06-11,2026-06-16,1,5
aruco:476,2026-06-11,2026-06-16,1,5
aruco:141,2026-06-01,2026-06-17,1,16
aruco:233,2026-06-10,2026-06-17,2,7
aruco:321,2026-06-10,2026-06-17,2,7
aruco:355,2026-06-11,2026-06-17,1,6
aruco:390,2026-06-11,2026-06-17,1,6
aruco:397,2026-06-11,2026-06-17,1,6
aruco:416,2026-06-11,2026-06-17,2,6
aruco:431,2026-06-11,2026-06-17,1,6
aruco:449,2026-06-11,2026-06-17,1,6
aruco:453,2026-06-10,2026-06-17,1,7
aruco:483,2026-06-16,2026-06-17,1,1
aruco:490,2026-06-16,2026-06-17,1,1
aruco:536,2026-06-16,2026-06-17,1,1
aruco:56,2026-05-29,2026-06-17,2,19
aruco:608,2026-06-16,2026-06-17,1,1
aruco:641,2026-06-16,2026-06-17,1,1
aruco:666,2026-06-16,2026-06-17,1,1
aruco:692,2026-06-16,2026-06-17,1,1
aruco:705,2026-06-11,2026-06-17,1,6
aruco:734,2026-06-16,2026-06-17,1,1
aruco:188,2026-05-29,2026-06-22,1,24
aruco:273,2026-06-11,2026-06-22,2,11
aruco:321,2026-06-10,2026-06-22,3,12
aruco:475,2026-06-16,2026-06-22,1,6
aruco:519,2026-06-17,2026-06-22,1,5
aruco:536,2026-06-16,2026-06-22,2,6
aruco:539,2026-06-17,2026-06-22,1,5
aruco:56,2026-05-29,2026-06-22,3,24
aruco:608,2026-06-16,2026-06-22,2,6
aruco:615,2026-06-17,2026-06-22,1,5
aruco:655,2026-06-16,2026-06-22,1,6
aruco:657,2026-06-17,2026-06-22,1,5
aruco:188,2026-05-29,2026-06-23,2,25
aruco:492,2026-06-22,2026-06-23,1,1
aruco:502,2026-06-22,2026-06-23,1,1
aruco:508,2026-06-22,2026-06-23,1,1
aruco:554,2026-06-16,2026-06-23,1,7
aruco:655,2026-06-16,2026-06-23,2,7
aruco:709,2026-06-16,2026-06-23,1,7
aruco:733,2026-06-16,2026-06-23,1,7
aruco:441,2026-06-10,2026-06-24,1,14
aruco:492,2026-06-22,2026-06-24,2,2
aruco:586,2026-06-22,2026-06-24,1,2
aruco:626,2026-06-22,2026-06-24,1,2
aruco:629,2026-06-22,2026-06-24,1,2
aruco:647,2026-06-17,2026-06-24,1,7
aruco:689,2026-06-17,2026-06-24,1,7
aruco:731,2026-06-23,2026-06-24,1,1
aruco:647,2026-06-17,2026-07-07,2,20
aruco:825,2026-07-06,2026-07-07,1,1
aruco:848,2026-06-24,2026-07-07,1,13
aruco:907,2026-07-06,2026-07-07,1,1
aruco:928,2026-07-06,2026-07-07,1,1
aruco:814,2026-07-07,2026-07-08,1,1
aruco:826,2026-07-07,2026-07-08,1,1
aruco:881,2026-07-06,2026-07-08,1,2
aruco:897,2026-07-07,2026-07-08,1,1
aruco:903,2026-07-07,2026-07-08,1,1
aruco:928,2026-07-06,2026-07-08,2,2
aruco:762,2026-07-08,2026-07-13,1,5
aruco:814,2026-07-07,2026-07-13,2,6
aruco:826,2026-07-07,2026-07-13,2,6
aruco:908,2026-07-07,2026-07-13,1,6
aruco:740,2026-07-13,2026-07-14,1,1
aruco:742,2026-07-08,2026-07-14,1,6
aruco:754,2026-07-08,2026-07-14,1,6
aruco:772,2026-07-13,2026-07-14,1,1
aruco:808,2026-07-07,2026-07-14,1,7
aruco:820,2026-07-08,2026-07-14,1,6
aruco:838,2026-07-13,2026-07-14,1,1
aruco:871,2026-07-08,2026-07-14,1,6
aruco:903,2026-07-07,2026-07-14,2,7
aruco:1013,2026-07-14,2026-07-15,1,1
aruco:1015,2026-07-14,2026-07-15,1,1
aruco:1039,2026-07-14,2026-07-15,1,1
aruco:1052,2026-07-14,2026-07-15,1,1
aruco:740,2026-07-13,2026-07-15,2,2
aruco:766,2026-07-13,2026-07-15,1,2
aruco:832,2026-07-13,2026-07-15,1,2
aruco:877,2026-07-07,2026-07-15,1,8
aruco:884,2026-07-07,2026-07-15,1,8
aruco:894,2026-07-13,2026-07-15,1,2
aruco:994,2026-07-14,2026-07-15,1,1
aruco:1015,2026-07-14,2026-07-21,2,7
aruco:1046,2026-07-14,2026-07-21,1,7
aruco:988,2026-07-14,2026-07-21,1,7
aruco:1036,2026-07-21,2026-07-22,1,1
aruco:1043,2026-07-14,2026-07-22,1,8
aruco:1069,2026-07-21,2026-07-22,1,1
aruco:940,2026-07-21,2026-07-22,1,1
aruco:948,2026-07-21,2026-07-22,1,1
aruco:962,2026-07-14,2026-07-22,1,8
aruco:988,2026-07-14,2026-07-22,2,8
aruco:995,2026-07-21,2026-07-22,1,1
aruco:1008,2026-07-22,2026-07-27,1,5
aruco:1018,2026-07-21,2026-07-27,1,6
aruco:1025,2026-07-22,2026-07-27,1,5
aruco:1040,2026-07-22,2026-07-27,1,5
aruco:939,2026-07-22,2026-07-27,1,5
aruco:958,2026-07-21,2026-07-27,1,6
aruco:966,2026-07-21,2026-07-27,1,6
aruco:992,2026-07-22,2026-07-27,1,5
aruco:995,2026-07-21,2026-07-27,2,6
aruco:954,2026-07-21,2026-07-28,1,7
aruco:957,2026-07-21,2026-07-28,1,7
aruco:958,2026-07-21,2026-07-28,2,7
aruco:983,2026-07-21,2026-07-28,1,7
